{
  "email_patterns": {
    "standard": "^[a-zA-Z0-9._%+-]+@[a-zA-Z0-9.-]+\\.[a-zA-Z]{2,}$",
    "disposable_domains": [
      "tempmail.com",
      "10minutemail.com",
      "guerrillamail.com",
      "mailinator.com",
      "throwaway.email",
      "temp-mail.org"
    ]
  },
  "username_patterns": {
    "social_media": "^[a-zA-Z0-9._-]{3,30}$",
    "alphanumeric": "^[a-zA-Z0-9]+$",
    "with_underscore": "^[a-zA-Z0-9_]+$"
  },
  "phone_patterns": {
    "international": "^\\+?[1-9]\\d{1,14}$",
    "us_format": "^(\\+1)?[-.\\s]?\\(?[0-9]{3}\\)?[-.\\s]?[0-9]{3}[-.\\s]?[0-9]{4}$"
  },
  "crypto_patterns": {
    "bitcoin": "^(bc1|[13])[a-zA-HJ-NP-Z0-9]{25,62}$",
    "ethereum": "^0x[a-fA-F0-9]{40}$",
    "litecoin": "^[LM3][a-km-zA-HJ-NP-Z1-9]{26,33}$"
  },
  "url_patterns": {
    "http": "https?://[^\\s]+",
    "domain": "(?:[a-zA-Z0-9](?:[a-zA-Z0-9-]{0,61}[a-zA-Z0-9])?\\.)+[a-zA-Z]{2,}",
    "ip_address": "\\b(?:[0-9]{1,3}\\.){3}[0-9]{1,3}\\b"
  },
  "social_media_urls": {
    "instagram": "(?:https?://)?(?:www\\.)?instagram\\.com/([a-zA-Z0-9._]+)",
    "twitter": "(?:https?://)?(?:www\\.)?twitter\\.com/([a-zA-Z0-9_]+)",
    "tiktok": "(?:https?://)?(?:www\\.)?tiktok\\.com/@([a-zA-Z0-9._]+)",
    "youtube": "(?:https?://)?(?:www\\.)?youtube\\.com/(?:@|c/)([a-zA-Z0-9_-]+)",
    "linkedin": "(?:https?://)?(?:www\\.)?linkedin\\.com/in/([a-zA-Z0-9_-]+)"
  },
  "suspicious_keywords": [
    "urgent",
    "click here",
    "limited time",
    "act now",
    "wire transfer",
    "bitcoin payment",
    "verify account",
    "suspended account",
    "confirm identity",
    "reset password"
  ],
  "location_patterns": {
    "coordinates": "[-+]?([1-8]?\\d(\\.\\d+)?|90(\\.0+)?),\\s*[-+]?(180(\\.0+)?|((1[0-7]\\d)|([1-9]?\\d))(\\.\\d+)?)",
    "postal_code_us": "\\b\\d{5}(?:-\\d{4})?\\b"
  }
}
